plan,variant,position,norm,critic_mse,critic_cos
plan_a,A1_conversational,0,115.79698944091797,0.19111548364162445,0.9044421911239624
plan_a,A1_conversational,1,111.39361572265625,0.16126516461372375,0.9193677306175232
plan_a,A1_conversational,2,122.16264343261719,0.24560627341270447,0.8771972060203552
plan_a,A1_conversational,3,125.37894439697266,0.2904953360557556,0.8547524809837341
plan_a,A1_conversational,4,123.0077133178711,0.22935417294502258,0.8853229880332947
plan_a,A1_conversational,5,112.62176513671875,0.2077050656080246,0.8961477279663086
plan_a,A1_conversational,6,114.64434051513672,0.22468231618404388,0.8876591324806213
plan_a,A1_conversational,7,109.83261108398438,0.34061399102211,0.8296931385993958
plan_a,A1_conversational,8,119.84374237060547,0.3377705514431,0.8311147689819336
plan_a,A1_conversational,9,121.09251403808594,0.3099900186061859,0.8450051546096802
plan_a,A1_conversational,10,96.30199432373047,0.34249064326286316,0.8287547826766968
plan_a,A1_conversational,11,124.32095336914062,0.29976576566696167,0.8501172661781311
plan_a,A1_conversational,12,119.40123748779297,0.23588965833187103,0.882055401802063
plan_a,A1_conversational,13,118.72381591796875,0.26732465624809265,0.8663378953933716
plan_a,A1_conversational,14,120.65851593017578,0.20565292239189148,0.8971735239028931
plan_a,A1_conversational,15,118.23113250732422,0.21835140883922577,0.8908244967460632
plan_a,A2_math,0,128.89979553222656,0.10121588408946991,0.9493920803070068
plan_a,A2_math,1,127.28424835205078,0.09952454268932343,0.9502379298210144
plan_a,A2_math,2,115.89068603515625,0.16031576693058014,0.9198423624038696
plan_a,A2_math,3,117.95657348632812,0.15059897303581238,0.9247008562088013
plan_a,A2_math,4,134.3446044921875,0.121031753718853,0.9394842386245728
plan_a,A2_math,5,132.04519653320312,0.11672158539295197,0.9416394233703613
plan_a,A2_math,6,119.37052154541016,0.21074283123016357,0.8946288824081421
plan_a,A2_math,7,135.39761352539062,0.1006004735827446,0.9496997594833374
plan_a,A2_math,8,112.21406555175781,0.1635408103466034,0.9182298183441162
plan_a,A2_math,9,128.02090454101562,0.10891763120889664,0.9455413222312927
plan_a,A2_math,10,127.39836883544922,0.13307085633277893,0.933464765548706
plan_a,A2_math,11,117.68099212646484,0.13885237276554108,0.9305739998817444
plan_a,A2_math,12,126.29058074951172,0.16641387343406677,0.9167930483818054
plan_a,A2_math,13,132.19993591308594,0.17882084846496582,0.9105896949768066
plan_a,A2_math,14,132.2089080810547,0.12908349931240082,0.935458242893219
plan_a,A2_math,15,124.41500854492188,0.10500406473875046,0.9474979639053345
plan_a,A3_translation,0,106.79866790771484,0.2229773998260498,0.8885114789009094
plan_a,A3_translation,1,124.16638946533203,0.20554468035697937,0.8972277045249939
plan_a,A3_translation,2,108.71803283691406,0.3644837737083435,0.8177584409713745
plan_a,A3_translation,3,121.3960952758789,0.28338900208473206,0.8583056926727295
plan_a,A3_translation,4,104.04763793945312,0.19214658439159393,0.9039268493652344
plan_a,A3_translation,5,111.28726196289062,0.2358555793762207,0.8820723295211792
plan_a,A3_translation,6,116.59113311767578,0.16815827786922455,0.9159207344055176
plan_a,A3_translation,7,133.1836700439453,0.20631329715251923,0.8968435525894165
plan_a,A3_translation,8,109.83040618896484,0.21134230494499207,0.8943289518356323
plan_a,A3_translation,9,124.51261901855469,0.2722955644130707,0.8638522624969482
plan_a,A3_translation,10,106.77589416503906,0.22919344902038574,0.8854034543037415
plan_a,A3_translation,11,104.91397094726562,0.2830849587917328,0.8584576845169067
plan_a,A3_translation,12,119.61688995361328,0.2291547954082489,0.8854228258132935
plan_a,A3_translation,13,107.3496322631836,0.3349027633666992,0.8325487971305847
plan_a,A3_translation,14,105.48186492919922,0.25858747959136963,0.8707063794136047
plan_a,A3_translation,15,99.54930114746094,0.4909723103046417,0.7545140385627747
plan_a,A4_code,0,127.78453826904297,0.31375613808631897,0.843122124671936
plan_a,A4_code,1,131.84812927246094,0.16458536684513092,0.9177072048187256
plan_a,A4_code,2,125.57864379882812,0.1743323653936386,0.9128338694572449
plan_a,A4_code,3,125.83763885498047,0.18110911548137665,0.9094454050064087
plan_a,A4_code,4,127.817138671875,0.13044455647468567,0.9347777962684631
plan_a,A4_code,5,128.1960906982422,0.12668947875499725,0.9366552233695984
plan_a,A4_code,6,129.00244140625,0.11218695342540741,0.9439065456390381
plan_a,A4_code,7,136.67864990234375,0.11443886905908585,0.9427805542945862
plan_a,A4_code,8,131.36758422851562,0.1053863987326622,0.9473066926002502
plan_a,A4_code,9,139.48370361328125,0.11944588273763657,0.940277099609375
plan_a,A4_code,10,127.09861755371094,0.1773376762866974,0.9113311767578125
plan_a,A4_code,11,126.07357025146484,0.14783647656440735,0.9260820746421814
plan_a,A4_code,12,125.82524871826172,0.13727210462093353,0.9313639402389526
plan_a,A4_code,13,121.32817077636719,0.12848153710365295,0.9357591271400452
plan_a,A4_code,14,122.21085357666016,0.09571429342031479,0.9521427154541016
plan_a,A4_code,15,128.7465057373047,0.1945391744375229,0.9027306437492371
plan_a,A5_creative_writing,0,120.87743377685547,0.12017720937728882,0.939911425113678
plan_a,A5_creative_writing,1,124.894287109375,0.10602766275405884,0.9469857811927795
plan_a,A5_creative_writing,2,129.73660278320312,0.1272306740283966,0.9363848567008972
plan_a,A5_creative_writing,3,108.03763580322266,0.17026831209659576,0.9148657917976379
plan_a,A5_creative_writing,4,125.38267517089844,0.1834416389465332,0.9082794189453125
plan_a,A5_creative_writing,5,118.6467514038086,0.14624443650245667,0.9268777966499329
plan_a,A5_creative_writing,6,130.7391357421875,0.16458295285701752,0.9177086353302002
plan_a,A5_creative_writing,7,115.01690673828125,0.15327826142311096,0.9233610033988953
plan_a,A5_creative_writing,8,128.56005859375,0.10892456024885178,0.9455377459526062
plan_a,A5_creative_writing,9,114.50930786132812,0.0843329206109047,0.9578336477279663
plan_a,A5_creative_writing,10,126.39379119873047,0.12686637043952942,0.9365668296813965
plan_a,A5_creative_writing,11,114.08527374267578,0.11028814315795898,0.9448560476303101
plan_a,A5_creative_writing,12,128.30055236816406,0.19231028854846954,0.9038448333740234
plan_a,A5_creative_writing,13,126.5490951538086,0.15618851780891418,0.9219059944152832
plan_a,A5_creative_writing,14,122.74466705322266,0.20013274252414703,0.8999338150024414
plan_a,A5_creative_writing,15,115.75004577636719,0.11282286792993546,0.9435886740684509
plan_b,B1_no_system,0,121.74047088623047,0.3673537075519562,0.8163233995437622
plan_b,B1_no_system,1,125.95809173583984,0.34806591272354126,0.8259671926498413
plan_b,B1_no_system,2,110.80106353759766,0.3293440341949463,0.8353279829025269
plan_b,B1_no_system,3,107.92611694335938,0.4690839946269989,0.7654581665992737
plan_b,B1_no_system,4,110.16000366210938,0.4183342158794403,0.7908329963684082
plan_b,B1_no_system,5,109.4011459350586,0.4558020234107971,0.772099494934082
plan_b,B1_no_system,6,97.4002685546875,0.40520909428596497,0.7973955273628235
plan_b,B1_no_system,7,111.69331359863281,0.4335348606109619,0.7832327485084534
plan_b,B1_no_system,8,114.45861053466797,0.42734092473983765,0.7863298058509827
plan_b,B1_no_system,9,111.9551773071289,0.3082530200481415,0.8458737134933472
plan_b,B1_no_system,10,122.51183319091797,0.2976709306240082,0.851164698600769
plan_b,B1_no_system,11,114.40953826904297,0.2471984177827835,0.8764010071754456
plan_b,B1_no_system,12,123.50813293457031,0.19789014756679535,0.9010551571846008
plan_b,B1_no_system,13,113.80033874511719,0.34185028076171875,0.8290748596191406
plan_b,B1_no_system,14,103.14683532714844,0.3859545588493347,0.8070229291915894
plan_b,B1_no_system,15,110.0940170288086,0.359689325094223,0.8201555609703064
plan_b,B2_default_assistant,0,115.79698944091797,0.1898185908794403,0.9050909280776978
plan_b,B2_default_assistant,1,111.39361572265625,0.16126516461372375,0.9193677306175232
plan_b,B2_default_assistant,2,122.16264343261719,0.24560627341270447,0.8771972060203552
plan_b,B2_default_assistant,3,125.37894439697266,0.2904953360557556,0.8547524809837341
plan_b,B2_default_assistant,4,123.0077133178711,0.22935417294502258,0.8853229880332947
plan_b,B2_default_assistant,5,112.62176513671875,0.2077050656080246,0.8961477279663086
plan_b,B2_default_assistant,6,114.64434051513672,0.22562594711780548,0.887187123298645
plan_b,B2_default_assistant,7,109.83261108398438,0.34061399102211,0.8296931385993958
plan_b,B2_default_assistant,8,119.84374237060547,0.3377705514431,0.8311147689819336
plan_b,B2_default_assistant,9,121.09251403808594,0.3099900186061859,0.8450051546096802
plan_b,B2_default_assistant,10,96.30199432373047,0.34249064326286316,0.8287547826766968
plan_b,B2_default_assistant,11,124.32095336914062,0.29976576566696167,0.8501172661781311
plan_b,B2_default_assistant,12,119.40123748779297,0.23588965833187103,0.882055401802063
plan_b,B2_default_assistant,13,118.72381591796875,0.26732465624809265,0.8663378953933716
plan_b,B2_default_assistant,14,120.65851593017578,0.20565292239189148,0.8971735239028931
plan_b,B2_default_assistant,15,118.23113250732422,0.21835140883922577,0.8908244967460632
plan_b,B3_cybersec_expert,0,121.42032623291016,0.25922340154647827,0.8703884482383728
plan_b,B3_cybersec_expert,1,121.03437042236328,0.19672584533691406,0.901637077331543
plan_b,B3_cybersec_expert,2,122.41032409667969,0.21006782352924347,0.8949661254882812
plan_b,B3_cybersec_expert,3,123.85887908935547,0.3064466416835785,0.8467767834663391
plan_b,B3_cybersec_expert,4,123.90465545654297,0.24963434040546417,0.8751828670501709
plan_b,B3_cybersec_expert,5,104.37755584716797,0.3428950905799866,0.8285524845123291
plan_b,B3_cybersec_expert,6,127.09825134277344,0.28594526648521423,0.857027530670166
plan_b,B3_cybersec_expert,7,126.22132873535156,0.17346499860286713,0.9132675528526306
plan_b,B3_cybersec_expert,8,123.15325164794922,0.2181226760149002,0.890938937664032
plan_b,B3_cybersec_expert,9,124.95260620117188,0.16034795343875885,0.9198261499404907
plan_b,B3_cybersec_expert,10,122.88607788085938,0.1897156536579132,0.9051423668861389
plan_b,B3_cybersec_expert,11,124.6705322265625,0.19440965354442596,0.9027951955795288
plan_b,B3_cybersec_expert,12,116.76971435546875,0.23982484638690948,0.8800876140594482
plan_b,B3_cybersec_expert,13,109.03126525878906,0.24757058918476105,0.8762148022651672
plan_b,B3_cybersec_expert,14,122.15957641601562,0.2271346002817154,0.8864327073097229
plan_b,B3_cybersec_expert,15,120.66206359863281,0.22358503937721252,0.8882074952125549
plan_b,B4_poet,0,118.22428131103516,0.19984722137451172,0.9000764489173889
plan_b,B4_poet,1,129.8109893798828,0.147196963429451,0.9264015555381775
plan_b,B4_poet,2,117.60989379882812,0.2129669189453125,0.8935166001319885
plan_b,B4_poet,3,109.79484558105469,0.1758079081773758,0.9120961427688599
plan_b,B4_poet,4,126.62503051757812,0.19420722126960754,0.9028962850570679
plan_b,B4_poet,5,113.46537780761719,0.22267140448093414,0.8886644840240479
plan_b,B4_poet,6,113.21332550048828,0.16490589082241058,0.9175470471382141
plan_b,B4_poet,7,133.8473663330078,0.14085261523723602,0.9295738339424133
plan_b,B4_poet,8,123.99790954589844,0.18119344115257263,0.9094034433364868
plan_b,B4_poet,9,126.12028503417969,0.23488985002040863,0.8825550675392151
plan_b,B4_poet,10,111.72866821289062,0.2234172523021698,0.8882914781570435
plan_b,B4_poet,11,110.90795135498047,0.24113258719444275,0.8794337511062622
plan_b,B4_poet,12,123.06501007080078,0.24233616888523102,0.8788320422172546
plan_b,B4_poet,13,116.39913177490234,0.23074737191200256,0.884626567363739
plan_b,B4_poet,14,109.79769897460938,0.19968834519386292,0.9001558423042297
plan_b,B4_poet,15,128.16763305664062,0.2212747484445572,0.889362633228302
plan_b,B5_malicious,0,118.09369659423828,0.29439499974250793,0.8528026938438416
plan_b,B5_malicious,1,118.3600082397461,0.2921363413333893,0.8539319038391113
plan_b,B5_malicious,2,113.07720184326172,0.3414384722709656,0.8292810320854187
plan_b,B5_malicious,3,130.6013946533203,0.22281630337238312,0.8885918855667114
plan_b,B5_malicious,4,111.89530944824219,0.24100454151630402,0.8794977068901062
plan_b,B5_malicious,5,105.67594146728516,0.36223962903022766,0.8188804388046265
plan_b,B5_malicious,6,103.3575439453125,0.23311220109462738,0.8834441304206848
plan_b,B5_malicious,7,111.74456787109375,0.3018988072872162,0.849050760269165
plan_b,B5_malicious,8,112.983642578125,0.2948607802391052,0.8525698184967041
plan_b,B5_malicious,9,115.6402587890625,0.24989032745361328,0.8750548958778381
plan_b,B5_malicious,10,119.85041046142578,0.2506709396839142,0.8746646642684937
plan_b,B5_malicious,11,114.7139892578125,0.28886720538139343,0.8555667400360107
plan_b,B5_malicious,12,117.00941467285156,0.200526624917984,0.8997369408607483
plan_b,B5_malicious,13,121.08848571777344,0.15500502288341522,0.9224974513053894
plan_b,B5_malicious,14,114.88513946533203,0.16224074363708496,0.918879508972168
plan_b,B5_malicious,15,115.13982391357422,0.1483929455280304,0.9258033037185669
plan_c,C1_benign_cats,0,124.6485824584961,0.22479046881198883,0.8876049518585205
plan_c,C1_benign_cats,1,126.46795654296875,0.13464145362377167,0.9326792359352112
plan_c,C1_benign_cats,2,143.76708984375,0.057644475251436234,0.9711775183677673
plan_c,C1_benign_cats,3,131.6304168701172,0.07744444906711578,0.9612777829170227
plan_c,C1_benign_cats,4,135.01634216308594,0.07844825088977814,0.9607759118080139
plan_c,C1_benign_cats,5,138.09425354003906,0.11372863501310349,0.9431354999542236
plan_c,C1_benign_cats,6,124.64582061767578,0.13242904841899872,0.933785617351532
plan_c,C1_benign_cats,7,126.74644470214844,0.11237501353025436,0.9438124299049377
plan_c,C1_benign_cats,8,136.54798889160156,0.07097993791103363,0.9645102024078369
plan_c,C1_benign_cats,9,134.6094970703125,0.0781860426068306,0.9609072804450989
plan_c,C1_benign_cats,10,123.59427642822266,0.1293630450963974,0.9353185296058655
plan_c,C1_benign_cats,11,123.15486145019531,0.07542284578084946,0.9622886776924133
plan_c,C1_benign_cats,12,138.7551727294922,0.1225438266992569,0.9387280344963074
plan_c,C1_benign_cats,13,119.68394470214844,0.11517249047756195,0.9424136281013489
plan_c,C1_benign_cats,14,123.65087127685547,0.09828255325555801,0.9508585929870605
plan_c,C1_benign_cats,15,126.34190368652344,0.09917209297418594,0.9504139423370361
plan_c,C2_dangerous_molotov,0,118.15074157714844,0.27975255250930786,0.8601239323616028
plan_c,C2_dangerous_molotov,1,122.81639862060547,0.2876088321208954,0.8561959266662598
plan_c,C2_dangerous_molotov,2,115.60941314697266,0.32639989256858826,0.8368003964424133
plan_c,C2_dangerous_molotov,3,111.34337615966797,0.34751126170158386,0.826244592666626
plan_c,C2_dangerous_molotov,4,109.7657470703125,0.2884468138217926,0.8557769060134888
plan_c,C2_dangerous_molotov,5,112.0148696899414,0.32552045583724976,0.8372400999069214
plan_c,C2_dangerous_molotov,6,116.36627960205078,0.3381182849407196,0.8309411406517029
plan_c,C2_dangerous_molotov,7,124.62332916259766,0.24444787204265594,0.8777763247489929
plan_c,C2_dangerous_molotov,8,128.9961700439453,0.15933115780353546,0.9203343391418457
plan_c,C2_dangerous_molotov,9,117.51551818847656,0.23550499975681305,0.8822475671768188
plan_c,C2_dangerous_molotov,10,111.01570892333984,0.20548950135707855,0.8972552418708801
plan_c,C2_dangerous_molotov,11,118.28228759765625,0.20579078793525696,0.8971049189567566
plan_c,C2_dangerous_molotov,12,117.49673461914062,0.20385892689228058,0.8980705738067627
plan_c,C2_dangerous_molotov,13,111.2854995727539,0.15121391415596008,0.9243929386138916
plan_c,C2_dangerous_molotov,14,118.56977081298828,0.13312390446662903,0.9334381222724915
plan_c,C2_dangerous_molotov,15,112.69953918457031,0.18573930859565735,0.9071301817893982
plan_c,C3_creative_handcuffs,0,121.3818130493164,0.1700730323791504,0.9149635434150696
plan_c,C3_creative_handcuffs,1,127.18994140625,0.11809826642274857,0.9409511685371399
plan_c,C3_creative_handcuffs,2,120.56795501708984,0.11252057552337646,0.9437398910522461
plan_c,C3_creative_handcuffs,3,127.90142822265625,0.13356977701187134,0.9332152605056763
plan_c,C3_creative_handcuffs,4,137.0793914794922,0.07602278143167496,0.961988627910614
plan_c,C3_creative_handcuffs,5,135.0649871826172,0.08294741064310074,0.9585264921188354
plan_c,C3_creative_handcuffs,6,136.60464477539062,0.12556125223636627,0.9372193813323975
plan_c,C3_creative_handcuffs,7,123.72209167480469,0.11568707227706909,0.9421566128730774
plan_c,C3_creative_handcuffs,8,126.41393280029297,0.1255287081003189,0.9372356534004211
plan_c,C3_creative_handcuffs,9,135.82269287109375,0.09988964349031448,0.9500554800033569
plan_c,C3_creative_handcuffs,10,124.86943054199219,0.12954841554164886,0.9352259039878845
plan_c,C3_creative_handcuffs,11,124.24833679199219,0.10510274022817612,0.9474484920501709
plan_c,C3_creative_handcuffs,12,127.64266204833984,0.12418966740369797,0.9379051327705383
plan_c,C3_creative_handcuffs,13,122.11672973632812,0.13278746604919434,0.9336063265800476
plan_c,C3_creative_handcuffs,14,132.74850463867188,0.11985687166452408,0.9400715231895447
plan_c,C3_creative_handcuffs,15,117.96475219726562,0.13299468159675598,0.9335029721260071
plan_c,C4_harmful_speech,0,119.40376281738281,0.2651873230934143,0.8674067258834839
plan_c,C4_harmful_speech,1,112.59326171875,0.28022071719169617,0.8598896265029907
plan_c,C4_harmful_speech,2,99.88327026367188,0.24976369738578796,0.8751183152198792
plan_c,C4_harmful_speech,3,122.39954376220703,0.22350910305976868,0.8882456421852112
plan_c,C4_harmful_speech,4,124.90979766845703,0.2658385932445526,0.8670808672904968
plan_c,C4_harmful_speech,5,128.50540161132812,0.3036510944366455,0.848174512386322
plan_c,C4_harmful_speech,6,119.97039031982422,0.21239294111728668,0.8938034772872925
plan_c,C4_harmful_speech,7,127.32011413574219,0.2167840301990509,0.8916080594062805
plan_c,C4_harmful_speech,8,117.93499755859375,0.20007479190826416,0.8999627232551575
plan_c,C4_harmful_speech,9,124.09613800048828,0.29455867409706116,0.8527207970619202
plan_c,C4_harmful_speech,10,136.70956420898438,0.1985773891210556,0.900711178779602
plan_c,C4_harmful_speech,11,140.6973876953125,0.13760817050933838,0.9311959743499756
plan_c,C4_harmful_speech,12,132.2220916748047,0.16440846025943756,0.9177958965301514
plan_c,C4_harmful_speech,13,124.71903991699219,0.14140371978282928,0.9292984008789062
plan_c,C4_harmful_speech,14,116.01602172851562,0.256809800863266,0.8715952634811401
plan_c,C4_harmful_speech,15,121.53755187988281,0.1652235984802246,0.9173882603645325
plan_c,C5_jailbreak,0,113.23435974121094,0.329458087682724,0.8352712392807007
plan_c,C5_jailbreak,1,81.4015121459961,0.5001837611198425,0.7499082684516907
plan_c,C5_jailbreak,2,109.99706268310547,0.4027349352836609,0.7986326217651367
plan_c,C5_jailbreak,3,110.05905151367188,0.3737480342388153,0.813126266002655
plan_c,C5_jailbreak,4,106.204345703125,0.385532408952713,0.8072338700294495
plan_c,C5_jailbreak,5,105.25585174560547,0.3085048794746399,0.8457477688789368
plan_c,C5_jailbreak,6,108.14796447753906,0.2683427631855011,0.865828812122345
plan_c,C5_jailbreak,7,112.09274291992188,0.3466331660747528,0.8266835808753967
plan_c,C5_jailbreak,8,100.83053588867188,0.3288502097129822,0.8355749249458313
plan_c,C5_jailbreak,9,108.88616180419922,0.36233705282211304,0.818831741809845
plan_c,C5_jailbreak,10,110.6819839477539,0.33557945489883423,0.8322106003761292
plan_c,C5_jailbreak,11,110.61415100097656,0.25639596581459045,0.8718023896217346
plan_c,C5_jailbreak,12,113.26065826416016,0.3760034143924713,0.8119986653327942
plan_c,C5_jailbreak,13,111.97775268554688,0.19691744446754456,0.9015414118766785
plan_c,C5_jailbreak,14,106.08621215820312,0.22301100194454193,0.8884946703910828
plan_c,C5_jailbreak,15,114.30638122558594,0.22244156897068024,0.8887794017791748
plan_d,D1_chinese_ai,0,132.6415557861328,0.07668296992778778,0.961658239364624
plan_d,D1_chinese_ai,1,131.07662963867188,0.1396750658750534,0.9301625490188599
plan_d,D1_chinese_ai,2,113.4853515625,0.09558369964361191,0.9522083401679993
plan_d,D1_chinese_ai,3,124.61396026611328,0.13553579151630402,0.9322319030761719
plan_d,D1_chinese_ai,4,131.596923828125,0.1799006164073944,0.9100499153137207
plan_d,D1_chinese_ai,5,129.29336547851562,0.19244159758090973,0.9037793278694153
plan_d,D1_chinese_ai,6,127.82596588134766,0.20819242298603058,0.8959040641784668
plan_d,D1_chinese_ai,7,122.28292083740234,0.1917797327041626,0.904110312461853
plan_d,D1_chinese_ai,8,116.47533416748047,0.09190493077039719,0.954047679901123
plan_d,D1_chinese_ai,9,123.08782958984375,0.1559484750032425,0.9220256209373474
plan_d,D1_chinese_ai,10,129.86627197265625,0.18979664146900177,0.9051017165184021
plan_d,D1_chinese_ai,11,135.23141479492188,0.18531809747219086,0.9073408842086792
plan_d,D1_chinese_ai,12,139.0501708984375,0.20396752655506134,0.8980164527893066
plan_d,D1_chinese_ai,13,139.19969177246094,0.2686624825000763,0.8656688928604126
plan_d,D1_chinese_ai,14,129.94473266601562,0.34807088971138,0.8259648084640503
plan_d,D1_chinese_ai,15,125.94893646240234,0.6520529985427856,0.6739736795425415
plan_d,D2_english_ai,0,116.1948471069336,0.08823800832033157,0.9558809995651245
plan_d,D2_english_ai,1,136.02854919433594,0.0820368155837059,0.9589816927909851
plan_d,D2_english_ai,2,137.24301147460938,0.08718299120664597,0.9564083218574524
plan_d,D2_english_ai,3,125.33983612060547,0.07419496029615402,0.9629024863243103
plan_d,D2_english_ai,4,134.84815979003906,0.08660521358251572,0.9566975831985474
plan_d,D2_english_ai,5,121.05152893066406,0.0953415110707283,0.9523290991783142
plan_d,D2_english_ai,6,119.85502624511719,0.0781373605132103,0.9609311819076538
plan_d,D2_english_ai,7,131.03981018066406,0.1347019523382187,0.9326492547988892
plan_d,D2_english_ai,8,127.11172485351562,0.1606418639421463,0.9196791648864746
plan_d,D2_english_ai,9,133.48484802246094,0.20110341906547546,0.8994483351707458
plan_d,D2_english_ai,10,133.49168395996094,0.3093411922454834,0.8453294634819031
plan_d,D2_english_ai,11,132.2958526611328,0.2173045426607132,0.8913477659225464
plan_d,D2_english_ai,12,138.796630859375,0.20986267924308777,0.8950687646865845
plan_d,D2_english_ai,13,140.43893432617188,0.1753663271665573,0.9123168587684631
plan_d,D2_english_ai,14,133.04661560058594,0.25194087624549866,0.8740295171737671
plan_d,D2_english_ai,15,142.0435333251953,0.33513492345809937,0.8324325084686279
plan_d,D3_mixed_code_switch,0,125.37134552001953,0.27223244309425354,0.863883912563324
plan_d,D3_mixed_code_switch,1,119.37200164794922,0.2659331262111664,0.8670336604118347
plan_d,D3_mixed_code_switch,2,104.53023529052734,0.3677902817726135,0.81610506772995
plan_d,D3_mixed_code_switch,3,112.67696380615234,0.2962417006492615,0.8518792390823364
plan_d,D3_mixed_code_switch,4,110.2948226928711,0.21231351792812347,0.8938432931900024
plan_d,D3_mixed_code_switch,5,127.68572235107422,0.20111174881458282,0.8994441032409668
plan_d,D3_mixed_code_switch,6,116.4126205444336,0.1831754744052887,0.9084122776985168
plan_d,D3_mixed_code_switch,7,112.50856018066406,0.20002518594264984,0.8999874591827393
plan_d,D3_mixed_code_switch,8,102.92877197265625,0.3458525836467743,0.827073872089386
plan_d,D3_mixed_code_switch,9,124.86449432373047,0.14359550178050995,0.9282022714614868
plan_d,D3_mixed_code_switch,10,119.49730682373047,0.1798730194568634,0.9100636839866638
plan_d,D3_mixed_code_switch,11,114.65464782714844,0.21050167083740234,0.8947491645812988
plan_d,D3_mixed_code_switch,12,122.84171295166016,0.14890268445014954,0.9255486726760864
plan_d,D3_mixed_code_switch,13,127.20681762695312,0.18528814613819122,0.9073559641838074
plan_d,D3_mixed_code_switch,14,128.0693359375,0.20275160670280457,0.8986241817474365
plan_d,D3_mixed_code_switch,15,124.11450958251953,0.24385367333889008,0.8780731558799744
plan_d,D4_chinese_quantum,0,139.370849609375,0.0627097561955452,0.9686448574066162
plan_d,D4_chinese_quantum,1,130.66714477539062,0.0866791382431984,0.9566604495048523
plan_d,D4_chinese_quantum,2,126.78843688964844,0.07133395969867706,0.9643330574035645
plan_d,D4_chinese_quantum,3,121.62943267822266,0.14025643467903137,0.9298717379570007
plan_d,D4_chinese_quantum,4,128.78256225585938,0.17944225668907166,0.9102790355682373
plan_d,D4_chinese_quantum,5,129.296142578125,0.1705842912197113,0.9147079586982727
plan_d,D4_chinese_quantum,6,126.61542510986328,0.1310620903968811,0.9344689846038818
plan_d,D4_chinese_quantum,7,123.2235107421875,0.10627388209104538,0.946863055229187
plan_d,D4_chinese_quantum,8,130.82461547851562,0.10280404984951019,0.9485980272293091
plan_d,D4_chinese_quantum,9,123.91765594482422,0.11475498229265213,0.9426228404045105
plan_d,D4_chinese_quantum,10,125.40093994140625,0.09860177338123322,0.9506993889808655
plan_d,D4_chinese_quantum,11,125.87276458740234,0.09509932994842529,0.9524503350257874
plan_d,D4_chinese_quantum,12,126.36064910888672,0.10603762418031693,0.9469814300537109
plan_d,D4_chinese_quantum,13,120.2813491821289,0.08132688701152802,0.9593365788459778
plan_d,D4_chinese_quantum,14,107.4337387084961,0.2768302857875824,0.8615849018096924
plan_d,D4_chinese_quantum,15,126.88013458251953,0.16946136951446533,0.9152694344520569
plan_d,D5_english_quantum,0,133.53269958496094,0.14607694745063782,0.9269618988037109
plan_d,D5_english_quantum,1,127.15577697753906,0.14092490077018738,0.9295375943183899
plan_d,D5_english_quantum,2,143.9591827392578,0.08590538799762726,0.9570474028587341
plan_d,D5_english_quantum,3,135.68975830078125,0.10673671215772629,0.9466316103935242
plan_d,D5_english_quantum,4,129.84844970703125,0.08245426416397095,0.9587730169296265
plan_d,D5_english_quantum,5,139.13169860839844,0.09979180246591568,0.9501041173934937
plan_d,D5_english_quantum,6,129.94485473632812,0.08879824727773666,0.9556007981300354
plan_d,D5_english_quantum,7,133.36009216308594,0.19250120222568512,0.9037494659423828
plan_d,D5_english_quantum,8,129.07281494140625,0.13601820170879364,0.9319909811019897
plan_d,D5_english_quantum,9,120.49723815917969,0.20823881030082703,0.8958806991577148
plan_d,D5_english_quantum,10,135.46934509277344,0.19825567305088043,0.9008722305297852
plan_d,D5_english_quantum,11,137.60365295410156,0.194310262799263,0.9028448462486267
plan_d,D5_english_quantum,12,135.0290985107422,0.11206893622875214,0.943965494632721
plan_d,D5_english_quantum,13,135.98135375976562,0.22055482864379883,0.8897227048873901
plan_d,D5_english_quantum,14,135.12631225585938,0.18490591645240784,0.9075471758842468
plan_d,D5_english_quantum,15,130.0321807861328,0.2088385969400406,0.8955807089805603
plan_e,E1_hidden_preference,0,121.48723602294922,0.1596023589372635,0.9201989769935608
plan_e,E1_hidden_preference,1,127.81246185302734,0.11746560037136078,0.941267192363739
plan_e,E1_hidden_preference,2,117.20152282714844,0.11848153173923492,0.9407593607902527
plan_e,E1_hidden_preference,3,130.4694366455078,0.2097693383693695,0.8951154947280884
plan_e,E1_hidden_preference,4,131.43667602539062,0.13980582356452942,0.9300969839096069
plan_e,E1_hidden_preference,5,136.1696319580078,0.14311030507087708,0.9284448623657227
plan_e,E1_hidden_preference,6,129.6875,0.1645914614200592,0.9177042841911316
plan_e,E1_hidden_preference,7,126.1546401977539,0.14137864112854004,0.9293109178543091
plan_e,E1_hidden_preference,8,124.58695983886719,0.1838490515947342,0.9080755114555359
plan_e,E1_hidden_preference,9,126.75906372070312,0.22990857064723969,0.8850457072257996
plan_e,E1_hidden_preference,10,136.650146484375,0.14973793923854828,0.9251308441162109
plan_e,E1_hidden_preference,11,136.06121826171875,0.1472817361354828,0.9263594150543213
plan_e,E1_hidden_preference,12,132.66905212402344,0.17081443965435028,0.9145930409431458
plan_e,E1_hidden_preference,13,131.48524475097656,0.15905649960041046,0.9204718470573425
plan_e,E1_hidden_preference,14,128.69415283203125,0.23281429708003998,0.8835930824279785
plan_e,E1_hidden_preference,15,125.88851928710938,0.12118785083293915,0.9394059777259827
plan_e,E2_suppressed_error,0,122.98384857177734,0.1480284482240677,0.9259855151176453
plan_e,E2_suppressed_error,1,111.35031127929688,0.28628021478652954,0.8568601012229919
plan_e,E2_suppressed_error,2,120.73507690429688,0.29126685857772827,0.8543667793273926
plan_e,E2_suppressed_error,3,120.58133697509766,0.29040417075157166,0.8547979593276978
plan_e,E2_suppressed_error,4,119.64851379394531,0.309368759393692,0.8453158140182495
plan_e,E2_suppressed_error,5,114.29154205322266,0.3648977279663086,0.8175514340400696
plan_e,E2_suppressed_error,6,115.88092803955078,0.3317853510379791,0.834107518196106
plan_e,E2_suppressed_error,7,117.83795166015625,0.2962457835674286,0.8518772721290588
plan_e,E2_suppressed_error,8,117.14681243896484,0.23261597752571106,0.8836919665336609
plan_e,E2_suppressed_error,9,91.99217987060547,0.5248271822929382,0.7375866770744324
plan_e,E2_suppressed_error,10,114.15412902832031,0.26656776666641235,0.8667162656784058
plan_e,E2_suppressed_error,11,121.6838607788086,0.3757292330265045,0.8121354579925537
plan_e,E2_suppressed_error,12,108.87413787841797,0.4654679000377655,0.7672661542892456
plan_e,E2_suppressed_error,13,102.83756256103516,0.3297576606273651,0.8351210951805115
plan_e,E2_suppressed_error,14,116.64871978759766,0.32964181900024414,0.8351791501045227
plan_e,E2_suppressed_error,15,114.04679107666016,0.34055811166763306,0.829721212387085
plan_e,E3_compressed_knowledge,0,107.27071380615234,0.4523494839668274,0.7738255858421326
plan_e,E3_compressed_knowledge,1,122.80156707763672,0.28377142548561096,0.8581143021583557
plan_e,E3_compressed_knowledge,2,127.7744140625,0.35847148299217224,0.8207644820213318
plan_e,E3_compressed_knowledge,3,124.3073501586914,0.48363614082336426,0.7581820487976074
plan_e,E3_compressed_knowledge,4,114.77595520019531,0.35051217675209045,0.8247438669204712
plan_e,E3_compressed_knowledge,5,120.8299331665039,0.402742475271225,0.7986289858818054
plan_e,E3_compressed_knowledge,6,100.83702087402344,0.815162181854248,0.5924192667007446
plan_e,E4_pre_refusal_signal,0,131.2849578857422,0.2124021351337433,0.8937990665435791
plan_e,E4_pre_refusal_signal,1,130.4147186279297,0.16308531165122986,0.9184574484825134
plan_e,E4_pre_refusal_signal,2,124.17997741699219,0.22945082187652588,0.8852747082710266
plan_e,E4_pre_refusal_signal,3,120.38289642333984,0.1822810173034668,0.9088596105575562
plan_e,E4_pre_refusal_signal,4,129.10305786132812,0.12916307151317596,0.9354186058044434
plan_e,E4_pre_refusal_signal,5,134.1595458984375,0.13616959750652313,0.9319154024124146
plan_e,E4_pre_refusal_signal,6,130.21969604492188,0.161064013838768,0.9194679856300354
plan_e,E4_pre_refusal_signal,7,123.7858657836914,0.15979251265525818,0.9201040267944336
plan_e,E4_pre_refusal_signal,8,114.3382797241211,0.20024511218070984,0.8998776078224182
plan_e,E4_pre_refusal_signal,9,124.96398162841797,0.11546985059976578,0.9422651529312134
plan_e,E4_pre_refusal_signal,10,132.94931030273438,0.11902902275323868,0.9404855966567993
plan_e,E4_pre_refusal_signal,11,119.35553741455078,0.2121698558330536,0.8939151763916016
plan_e,E4_pre_refusal_signal,12,125.47918701171875,0.21003766357898712,0.8949810862541199
plan_e,E4_pre_refusal_signal,13,113.68877410888672,0.1548760086297989,0.9225621819496155
plan_e,E4_pre_refusal_signal,14,126.83319854736328,0.12787890434265137,0.9360604882240295
plan_e,E4_pre_refusal_signal,15,123.79548645019531,0.11796057224273682,0.9410197138786316
plan_e,E5_internal_conflict,0,119.5712890625,0.12991516292095184,0.9350426197052002
plan_e,E5_internal_conflict,1,140.83201599121094,0.09472469985485077,0.9526376128196716
plan_e,E5_internal_conflict,2,125.4775619506836,0.1354098618030548,0.9322954416275024
plan_e,E5_internal_conflict,3,123.1052017211914,0.10927281528711319,0.9453636407852173
plan_e,E5_internal_conflict,4,109.06989288330078,0.18783904612064362,0.9060806035995483
plan_e,E5_internal_conflict,5,130.30386352539062,0.11159602552652359,0.9442020654678345
plan_e,E5_internal_conflict,6,130.61277770996094,0.1161343902349472,0.9419330954551697
plan_e,E5_internal_conflict,7,131.81419372558594,0.11392892152070999,0.9430356621742249
plan_e,E5_internal_conflict,8,122.51786804199219,0.19734430313110352,0.901327908039093
plan_e,E5_internal_conflict,9,132.47824096679688,0.1625698357820511,0.9187151789665222
plan_e,E5_internal_conflict,10,123.43368530273438,0.21541418135166168,0.892292857170105
plan_e,E5_internal_conflict,11,126.7588119506836,0.13047778606414795,0.9347612261772156
plan_e,E5_internal_conflict,12,121.3199462890625,0.1645834743976593,0.9177082180976868
plan_e,E5_internal_conflict,13,127.19011688232422,0.19589075446128845,0.9020547866821289
plan_e,E5_internal_conflict,14,134.9347686767578,0.2039903700351715,0.898004949092865
plan_e,E5_internal_conflict,15,122.98729705810547,0.25141122937202454,0.8742944598197937
