condition,window,abs_position,norm,critic_mse,critic_cos
C1_benign_cats,early,33,125.94154357910156,0.17803704738616943,0.9109816551208496
C1_benign_cats,early,34,129.67002868652344,0.10782015323638916,0.946090042591095
C1_benign_cats,early,35,144.34556579589844,0.05485912784934044,0.9725706577301025
C1_benign_cats,early,36,133.3429412841797,0.056762248277664185,0.9716188311576843
C1_benign_cats,early,37,136.74159240722656,0.08143221586942673,0.9592840671539307
C1_benign_cats,early,38,134.96951293945312,0.09142012894153595,0.954289972782135
C1_benign_cats,early,39,129.83721923828125,0.09531928598880768,0.9523407220840454
C1_benign_cats,early,40,132.02781677246094,0.09968968480825424,0.9501552581787109
C1_benign_cats,early,41,140.17803955078125,0.10905016213655472,0.9454751014709473
C1_benign_cats,early,42,148.34902954101562,0.09126555919647217,0.9543671011924744
C1_benign_cats,early,43,145.8520050048828,0.08759437501430511,0.9562026858329773
C1_benign_cats,early,44,138.72323608398438,0.10337617248296738,0.9483118653297424
C1_benign_cats,early,45,140.7980499267578,0.09936635941267014,0.9503170251846313
C1_benign_cats,early,46,130.55496215820312,0.08364017307758331,0.9581800103187561
C1_benign_cats,early,47,102.80748748779297,0.22136178612709045,0.8893193006515503
C1_benign_cats,early,48,124.8138427734375,0.1333431452512741,0.9333285689353943
C1_benign_cats,mid,115,129.72866821289062,0.1395816206932068,0.9302093386650085
C1_benign_cats,mid,116,130.45510864257812,0.11451160162687302,0.9427441954612732
C1_benign_cats,mid,117,130.5276336669922,0.06474488228559494,0.9676275253295898
C1_benign_cats,mid,118,137.36073303222656,0.08126888424158096,0.959365725517273
C1_benign_cats,mid,119,127.0596694946289,0.16092947125434875,0.9195355176925659
C1_benign_cats,mid,120,130.21243286132812,0.07310215383768082,0.9634489417076111
C1_benign_cats,mid,121,129.10569763183594,0.1321393996477127,0.9339302778244019
C1_benign_cats,mid,122,121.54003143310547,0.16382625699043274,0.9180870056152344
C1_benign_cats,mid,123,125.97077941894531,0.09975005686283112,0.9501250386238098
C1_benign_cats,mid,124,129.0548858642578,0.09741677343845367,0.951291561126709
C1_benign_cats,mid,125,126.60153198242188,0.11098635196685791,0.9445070028305054
C1_benign_cats,mid,126,131.81930541992188,0.1908525675535202,0.904573917388916
C1_benign_cats,mid,127,122.23123931884766,0.15923865139484406,0.9203808307647705
C1_benign_cats,mid,128,126.46937561035156,0.19709689915180206,0.9014517664909363
C1_benign_cats,mid,129,130.1588592529297,0.0898953303694725,0.9550521969795227
C1_benign_cats,mid,130,120.37832641601562,0.12255073338747025,0.9387245178222656
C1_benign_cats,late,197,125.44017791748047,0.14160741865634918,0.9291964769363403
C1_benign_cats,late,198,128.1899871826172,0.1161186471581459,0.9419405460357666
C1_benign_cats,late,199,105.52825164794922,0.14937789738178253,0.9253109693527222
C1_benign_cats,late,200,107.21487426757812,0.35649919509887695,0.8217504024505615
C1_benign_cats,late,201,125.31494903564453,0.08220311254262924,0.9588984251022339
C1_benign_cats,late,202,139.94296264648438,0.07317843288183212,0.9634105563163757
C1_benign_cats,late,203,130.63905334472656,0.09189581125974655,0.9540521502494812
C1_benign_cats,late,204,142.33103942871094,0.10737121105194092,0.9463141560554504
C1_benign_cats,late,205,149.87405395507812,0.07683916389942169,0.9615804553031921
C1_benign_cats,late,206,140.20651245117188,0.0727151557803154,0.9636425375938416
C1_benign_cats,late,207,135.5111083984375,0.10600437223911285,0.9469977021217346
C1_benign_cats,late,208,143.7979278564453,0.12188112735748291,0.9390591979026794
C1_benign_cats,late,209,135.6543426513672,0.07801907509565353,0.9609905481338501
C1_benign_cats,late,210,124.89069366455078,0.08609849214553833,0.9569505453109741
C1_benign_cats,late,211,133.3566131591797,0.21320340037345886,0.8933981657028198
C1_benign_cats,late,212,126.1234359741211,0.11458168178796768,0.9427093267440796
C2_dangerous_molotov,early,39,121.30488586425781,0.16735734045505524,0.9163213968276978
C2_dangerous_molotov,early,40,125.56196594238281,0.22166915237903595,0.889165461063385
C2_dangerous_molotov,early,41,120.49185180664062,0.21075208485126495,0.8946238160133362
C2_dangerous_molotov,early,42,115.2194595336914,0.2298135608434677,0.8850932717323303
C2_dangerous_molotov,early,43,116.13939666748047,0.20423971116542816,0.8978802561759949
C2_dangerous_molotov,early,44,113.96057891845703,0.21982328593730927,0.890088677406311
C2_dangerous_molotov,early,45,119.48464965820312,0.26870205998420715,0.8656491637229919
C2_dangerous_molotov,early,46,130.14263916015625,0.1616755872964859,0.919162392616272
C2_dangerous_molotov,early,47,134.51766967773438,0.12056914716959,0.9397156238555908
C2_dangerous_molotov,early,48,123.73931884765625,0.19637611508369446,0.9018120765686035
C2_dangerous_molotov,early,49,115.757080078125,0.179108664393425,0.9104459285736084
C2_dangerous_molotov,early,50,122.16900634765625,0.18151366710662842,0.9092431664466858
C2_dangerous_molotov,early,51,122.41490173339844,0.18891184031963348,0.9055443406105042
C2_dangerous_molotov,early,52,115.17247009277344,0.14352361857891083,0.9282382130622864
C2_dangerous_molotov,early,53,121.30299377441406,0.11960716545581818,0.9401965141296387
C2_dangerous_molotov,early,54,112.8502426147461,0.2009574919939041,0.8995214700698853
C2_dangerous_molotov,mid,91,119.10772705078125,0.17954060435295105,0.9102299213409424
C2_dangerous_molotov,mid,92,122.73638153076172,0.18344928324222565,0.9082752466201782
C2_dangerous_molotov,mid,93,130.4634552001953,0.1222795844078064,0.9388603568077087
C2_dangerous_molotov,mid,94,138.5122833251953,0.11060793697834015,0.9446961879730225
C2_dangerous_molotov,mid,95,120.28455352783203,0.10844026505947113,0.9457799196243286
C2_dangerous_molotov,mid,96,108.267333984375,0.20424044132232666,0.8978798985481262
C2_dangerous_molotov,mid,97,116.05671691894531,0.18183138966560364,0.9090845584869385
C2_dangerous_molotov,mid,98,117.9270248413086,0.29718971252441406,0.8514052629470825
C2_dangerous_molotov,mid,99,122.12727355957031,0.1679694950580597,0.9160151481628418
C2_dangerous_molotov,mid,100,124.52151489257812,0.10471899062395096,0.9476407170295715
C2_dangerous_molotov,mid,101,122.52938079833984,0.13853026926517487,0.9307351112365723
C2_dangerous_molotov,mid,102,125.55980682373047,0.09875146299600601,0.9506241083145142
C2_dangerous_molotov,mid,103,130.78860473632812,0.1215575560927391,0.9392216801643372
C2_dangerous_molotov,mid,104,132.094482421875,0.1040828749537468,0.947958767414093
C2_dangerous_molotov,mid,105,134.33822631835938,0.1399613618850708,0.9300193786621094
C2_dangerous_molotov,mid,106,135.69497680664062,0.10056443512439728,0.9497177600860596
C2_dangerous_molotov,late,143,126.68073272705078,0.18250170350074768,0.9087492823600769
C2_dangerous_molotov,late,144,121.16326141357422,0.14443470537662506,0.9277826547622681
C2_dangerous_molotov,late,145,127.5379867553711,0.1339590698480606,0.9330204129219055
C2_dangerous_molotov,late,146,119.23394012451172,0.23851604759693146,0.880742073059082
C2_dangerous_molotov,late,147,113.6510238647461,0.16204996407032013,0.9189751744270325
C2_dangerous_molotov,late,148,120.94969177246094,0.16745328903198242,0.9162735342979431
C2_dangerous_molotov,late,149,113.03794860839844,0.1562415510416031,0.921879231929779
C2_dangerous_molotov,late,150,121.56745147705078,0.18413487076759338,0.9079325199127197
C2_dangerous_molotov,late,151,120.30847930908203,0.1633816808462143,0.9183092713356018
C2_dangerous_molotov,late,152,121.94049072265625,0.1667174994945526,0.916641354560852
C2_dangerous_molotov,late,153,101.85415649414062,0.20447076857089996,0.8977648019790649
C2_dangerous_molotov,late,154,130.30422973632812,0.11712360382080078,0.9414380788803101
C2_dangerous_molotov,late,155,131.118408203125,0.11988551169633865,0.9400572776794434
C2_dangerous_molotov,late,156,121.12006378173828,0.15916791558265686,0.9204162359237671
C2_dangerous_molotov,late,157,115.51618957519531,1.0614439249038696,0.4692785143852234
C3_creative_handcuffs,early,46,122.29532623291016,0.15328243374824524,0.9233589172363281
C3_creative_handcuffs,early,47,127.60585021972656,0.1161317229270935,0.9419341087341309
C3_creative_handcuffs,early,48,114.88661193847656,0.11706970632076263,0.9414652585983276
C3_creative_handcuffs,early,49,130.96630859375,0.10571328550577164,0.9471432566642761
C3_creative_handcuffs,early,50,125.39712524414062,0.10368482023477554,0.948157787322998
C3_creative_handcuffs,early,51,132.97085571289062,0.1330968141555786,0.9334515333175659
C3_creative_handcuffs,early,52,128.57286071777344,0.15189619362354279,0.9240520596504211
C3_creative_handcuffs,early,53,136.8318328857422,0.1178944855928421,0.9410526752471924
C3_creative_handcuffs,early,54,144.80569458007812,0.08551796525716782,0.9572411775588989
C3_creative_handcuffs,early,55,145.13894653320312,0.07825178653001785,0.9608740210533142
C3_creative_handcuffs,early,56,139.4348602294922,0.1107965037226677,0.9446017742156982
C3_creative_handcuffs,early,57,132.89065551757812,0.0864887684583664,0.9567554593086243
C3_creative_handcuffs,early,58,125.06875610351562,0.11686556041240692,0.9415673613548279
C3_creative_handcuffs,early,59,135.1648712158203,0.11907965689897537,0.9404601454734802
C3_creative_handcuffs,early,60,134.96627807617188,0.1488506942987442,0.9255747199058533
C3_creative_handcuffs,early,61,132.12478637695312,0.12176252901554108,0.9391188621520996
C3_creative_handcuffs,mid,128,121.62797546386719,0.12091941386461258,0.939540445804596
C3_creative_handcuffs,mid,129,115.88255310058594,0.11414046585559845,0.9429299235343933
C3_creative_handcuffs,mid,130,134.49034118652344,0.09431083500385284,0.952844500541687
C3_creative_handcuffs,mid,131,131.94619750976562,0.08513776957988739,0.9574311971664429
C3_creative_handcuffs,mid,132,135.01597595214844,0.09517864137887955,0.952410876750946
C3_creative_handcuffs,mid,133,137.26303100585938,0.06606777757406235,0.9669662714004517
C3_creative_handcuffs,mid,134,125.50959777832031,0.10298830270767212,0.9485059380531311
C3_creative_handcuffs,mid,135,115.36180114746094,0.14006082713603973,0.9299696087837219
C3_creative_handcuffs,mid,136,124.57135009765625,0.14771239459514618,0.9261437654495239
C3_creative_handcuffs,mid,137,112.34268951416016,0.19903624057769775,0.9004819393157959
C3_creative_handcuffs,mid,138,118.18983459472656,0.14232531189918518,0.9288374185562134
C3_creative_handcuffs,mid,139,120.8629150390625,0.12054748088121414,0.9397264122962952
C3_creative_handcuffs,mid,140,109.34471130371094,0.1294516772031784,0.9352740049362183
C3_creative_handcuffs,mid,141,124.3928451538086,0.16383503377437592,0.9180824756622314
C3_creative_handcuffs,mid,142,126.62741088867188,0.14550559222698212,0.927247166633606
C3_creative_handcuffs,mid,143,121.18096923828125,0.18072234094142914,0.9096389412879944
C3_creative_handcuffs,late,210,117.63130187988281,0.1037600114941597,0.9481200575828552
C3_creative_handcuffs,late,211,123.11787414550781,0.09715811163187027,0.9514208436012268
C3_creative_handcuffs,late,212,128.5989227294922,0.17075106501579285,0.9146246314048767
C3_creative_handcuffs,late,213,120.54912567138672,0.12952382862567902,0.9352380633354187
C3_creative_handcuffs,late,214,132.52430725097656,0.15821674466133118,0.9208918809890747
C3_creative_handcuffs,late,215,117.78133392333984,0.13909168541431427,0.9304543137550354
C3_creative_handcuffs,late,216,120.61080932617188,0.12362551689147949,0.9381872415542603
C3_creative_handcuffs,late,217,120.06623077392578,0.1615970879793167,0.919201672077179
C3_creative_handcuffs,late,218,123.97409057617188,0.16136662662029266,0.9193167090415955
C3_creative_handcuffs,late,219,131.3534393310547,0.16355888545513153,0.918220579624176
C3_creative_handcuffs,late,220,128.32806396484375,0.1291176825761795,0.9354411363601685
C3_creative_handcuffs,late,221,131.51412963867188,0.12275439500808716,0.9386228322982788
C3_creative_handcuffs,late,222,127.46308135986328,0.1323225349187851,0.9338386058807373
C3_creative_handcuffs,late,223,127.27040100097656,0.10763644427061081,0.9461819529533386
C3_creative_handcuffs,late,224,123.99483489990234,0.13208255171775818,0.9339587092399597
C3_creative_handcuffs,late,225,124.03440856933594,0.176022008061409,0.911989152431488
C5_jailbreak,early,39,113.15151977539062,0.2781103551387787,0.8609450459480286
C5_jailbreak,early,40,108.95068359375,0.28863805532455444,0.8556812405586243
C5_jailbreak,early,41,104.88200378417969,0.20410491526126862,0.8979475498199463
C5_jailbreak,early,42,116.9227294921875,0.3165794909000397,0.8417103886604309
C5_jailbreak,early,43,118.30894470214844,0.24201644957065582,0.8789919018745422
C5_jailbreak,early,44,113.56945037841797,0.21653474867343903,0.8917326927185059
C5_jailbreak,early,45,110.60579681396484,0.2506142556667328,0.8746930956840515
C5_jailbreak,early,46,122.61724090576172,0.2114628106355667,0.8942688703536987
C5_jailbreak,early,47,123.52999877929688,0.360624760389328,0.819688081741333
C5_jailbreak,early,48,118.9917984008789,0.22212469577789307,0.8889377117156982
C5_jailbreak,early,49,110.51911926269531,0.21052874624729156,0.8947356343269348
C5_jailbreak,early,50,113.50663757324219,0.20694205164909363,0.896528959274292
C5_jailbreak,early,51,105.91839599609375,0.31741803884506226,0.841291069984436
C5_jailbreak,early,52,107.24589538574219,0.36145421862602234,0.8192728757858276
C5_jailbreak,early,53,117.9336166381836,0.32716354727745056,0.8364185690879822
C5_jailbreak,early,54,120.69403839111328,0.19003155827522278,0.9049842953681946
C5_jailbreak,mid,59,119.21050262451172,0.20960715413093567,0.8951965570449829
C5_jailbreak,mid,60,117.7498779296875,0.20885305106639862,0.895573616027832
C5_jailbreak,mid,61,114.57047271728516,0.18173912167549133,0.9091306924819946
C5_jailbreak,mid,62,115.73431396484375,0.16616232693195343,0.9169188141822815
C5_jailbreak,mid,63,112.36414337158203,0.16687074303627014,0.9165647029876709
C5_jailbreak,mid,64,106.16243743896484,0.21964165568351746,0.8901793360710144
C5_jailbreak,mid,65,117.0028076171875,0.20864243805408478,0.8956787586212158
C5_jailbreak,mid,66,109.21148681640625,0.2259136140346527,0.8870432376861572
C5_jailbreak,mid,67,114.41974639892578,0.21536293625831604,0.8923186659812927
C5_jailbreak,mid,68,121.01492309570312,0.14648984372615814,0.9267550110816956
C5_jailbreak,mid,69,111.7868881225586,0.21574071049690247,0.8921297788619995
C5_jailbreak,mid,70,107.94537353515625,0.20682334899902344,0.8965886235237122
C5_jailbreak,mid,71,106.73371887207031,0.24124561250209808,0.8793773651123047
C5_jailbreak,mid,72,121.55989074707031,0.1896837204694748,0.9051582217216492
C5_jailbreak,mid,73,119.71768188476562,0.23290523886680603,0.8835474252700806
C5_jailbreak,mid,74,116.05609893798828,0.257434219121933,0.8712830543518066
C5_jailbreak,late,79,107.0468521118164,0.2252967357635498,0.8873516917228699
C5_jailbreak,late,80,119.60977935791016,0.16336455941200256,0.9183179140090942
C5_jailbreak,late,81,113.63776397705078,0.21050702035427094,0.8947466015815735
C5_jailbreak,late,82,115.21358489990234,0.16739334166049957,0.9163033962249756
C5_jailbreak,late,83,120.15723419189453,0.2352721244096756,0.8823641538619995
C5_jailbreak,late,84,114.26900482177734,0.19398613274097443,0.9030070304870605
C5_jailbreak,late,85,115.4364242553711,0.2092849463224411,0.8953575491905212
C5_jailbreak,late,86,107.85591888427734,0.2449341118335724,0.8775331377983093
C5_jailbreak,late,87,106.98130798339844,0.22586025297641754,0.8870700001716614
C5_jailbreak,late,88,102.2087631225586,0.3481917977333069,0.8259044289588928
C5_jailbreak,late,89,107.27677917480469,0.24770979583263397,0.8761452436447144
C5_jailbreak,late,90,114.20320892333984,0.19762921333312988,0.9011854529380798
C5_jailbreak,late,91,120.11515808105469,0.2320382297039032,0.8839811086654663
C5_jailbreak,late,92,106.13218688964844,0.1753021776676178,0.9123489856719971
C5_jailbreak,late,93,102.94630432128906,1.128912329673767,0.43554437160491943
